{"best_threshold": 0.41999999999999993, "modelo_ganador": "Gradient Boosting", "roc_auc_test": 0.7952582385664534}