{
  "n_reservas": 90166,
  "n_canceladas": 55802,
  "tasa_cancelacion": 0.6188807310959785,
  "anticipacion_promedio": 96.63711376793914,
  "monto_promedio": 434.46091198456185,
  "duracion_promedio": 2.7776989108976777
}